image_id,product_id,img_path
1,6,il_794xN.2071082909_91b5.jpg
2,6,il_794xN.2071191209_flma.jpg
3,6,il_794xN.2023590024_nmqe.jpg
4,6,il_794xN.2023586688_ffwc.jpg
5,6,il_794xN.2078250019_2nko.jpg
6,6,il_794xN.1979166474_m14c.jpg
7,6,il_794xN.2023587402_m5ng.jpg
8,6,il_794xN.2071189381_o16q.jpg
9,6,il_794xN.2023489212_f6ho.jpg
10,6,il_794xN.1979171254_2p4a.jpg
11,37,il_794xN.1985186038_8d8e.jpg
12,37,il_794xN.1985222992_8cn7.jpg
13,37,il_794xN.2032752229_lj4d.jpg
14,37,il_794xN.1985222940_6bmg.jpg
15,37,il_794xN.2032784139_k909.jpg
16,37,il_794xN.1893302158_3h12.jpg
17,37,il_794xN.1985173014_qq1i.jpg
18,37,il_794xN.1991713696_l4qd.jpg
19,37,il_794xN.1915891554_blrh.jpg
20,37,il_794xN.2386754035_468r.jpg
21,32,il_794xN.1960440507_i92z.jpg
22,32,il_794xN.2296417706_tfce.jpg
23,32,il_794xN.1912893264_tgu4.jpg
24,32,il_794xN.2344036391_n164.jpg
25,32,il_794xN.1915196554_ssme.jpg
26,32,il_794xN.1960440127_7br8.jpg
27,32,il_794xN.2296428728_n2e1.jpg
28,32,il_794xN.1917055750_g936.jpg
29,32,il_794xN.1915197066_f4h0.jpg
30,32,il_794xN.2296409134_fqfe.jpg
31,50,il_794xN.2393539545_ld2o.jpg
32,50,il_794xN.2390252907_9jb1.jpg
33,50,il_794xN.2364400478_7y9k.jpg
34,50,il_794xN.2390584037_kzs7.jpg
35,50,il_794xN.2390252989_28bm.jpg
36,50,il_794xN.2342996398_qhuw.jpg
37,50,il_794xN.2342997318_aq8k.jpg
38,50,il_794xN.2390582447_jus1.jpg
39,50,il_794xN.2343003492_dvrv.jpg
40,50,il_794xN.2342996886_skfg.jpg
41,15,il_794xN.2203593700_tpe5.jpg
42,15,il_794xN.2251174685_7454.jpg
43,15,il_794xN.2121199015_jpbv.jpg
44,15,il_794xN.2024227590_kyt1.jpg
45,15,il_794xN.2023697148_7bx2.jpg
46,15,il_794xN.2203583750_dpgl.jpg
47,15,il_794xN.2024224816_h52h.jpg
48,15,il_794xN.2023667442_rhrw.jpg
49,15,il_794xN.2203572194_2zsr.jpg
50,15,il_794xN.2024226154_nbaj.jpg
51,59,il_794xN.2042443325_ao09.jpg
52,59,il_794xN.2407307066_rcii.jpg
53,59,il_794xN.2071198653_99t2.jpg
54,59,il_794xN.2017478548_pbdv.jpg
55,59,il_794xN.2344663196_a5bg.jpg
56,59,il_794xN.2025717134_bsyg.jpg
57,59,il_794xN.2515288561_p6o8.jpg
58,59,il_794xN.2020304324_r7w6.jpg
59,59,il_794xN.2019569618_n5kd.jpg
60,59,il_794xN.2071205861_qc6c.jpg
61,74,il_794xN.1960427901_gusj.jpg
62,74,il_794xN.1960907492_liql.jpg
63,74,il_794xN.1989065687_g2ye.jpg
64,74,il_794xN.1967547868_ml22.jpg
65,74,il_794xN.1892483942_ajyp.jpg
66,74,il_794xN.1912875100_at86.jpg
67,74,il_794xN.1960909384_ldxu.jpg
68,74,il_794xN.1912882854_paob.jpg
69,74,il_794xN.1915718025_4dsz.jpg
70,74,il_794xN.1960428911_90gp.jpg
71,60,il_794xN.2364405560_2nfu.jpg
72,60,il_794xN.2339258636_jkae.jpg
73,60,il_794xN.2386819771_6qxu.jpg
74,60,il_794xN.2339235380_dyq4.jpg
75,60,il_794xN.2364406106_lq4s.jpg
76,60,il_794xN.2343656476_ek6q.jpg
77,60,il_794xN.2386819945_dhl0.jpg
78,60,il_794xN.2388133757_3ekk.jpg
79,60,il_794xN.2339235258_254a.jpg
80,60,il_794xN.2412007807_ss0n.jpg
81,48,il_794xN.2157207683_79dv.jpg
82,48,il_794xN.1948673606_rpfd.jpg
83,48,il_794xN.2109649914_1aqz.jpg
84,48,il_794xN.2109651328_nh3c.jpg
85,48,il_794xN.2106897670_nofi.jpg
86,48,il_794xN.1814199016_61x3.jpg
87,48,il_794xN.2157237151_rlej.jpg
88,48,il_794xN.2109649974_m4ej.jpg
89,48,il_794xN.2109650180_odwu.jpg
90,48,il_794xN.2157207807_hzh5.jpg
91,26,il_794xN.1928525571_29ki.jpg
92,26,il_794xN.1928525431_aa4t.jpg
93,26,il_794xN.1881002634_3o2y.jpg
94,26,il_794xN.1928525189_m271.jpg
95,26,il_794xN.1881002600_jfc3.jpg
96,26,il_794xN.2369537791_cjx0.jpg
97,26,il_794xN.1928525379_3n8a.jpg
98,26,il_794xN.1928525503_plz6.jpg
99,26,il_794xN.2295170096_x8x8.jpg
100,26,il_794xN.2342772719_k1qt.jpg
101,16,il_794xN.2008441677_biyl.jpg
102,16,il_794xN.1912875100_at86.jpg
103,16,il_794xN.1981721408_jize.jpg
104,16,il_794xN.1960428911_90gp.jpg
105,16,il_794xN.1989065687_g2ye.jpg
106,16,il_794xN.1915718025_4dsz.jpg
107,16,il_794xN.1912882854_paob.jpg
108,16,il_794xN.1866227392_kht4.jpg
109,16,il_794xN.1960427901_gusj.jpg
110,16,il_794xN.1985939059_fmbc.jpg
111,24,il_794xN.2120904361_9b8x.jpg
112,24,il_794xN.2091241608_mous.jpg
113,24,il_794xN.2121044005_55co.jpg
114,24,il_794xN.2121108503_t7e3.jpg
115,24,il_794xN.2121090835_300c.jpg
116,24,il_794xN.2091241650_psq8.jpg
117,24,il_794xN.2073537318_i22w.jpg
118,24,il_794xN.2117268949_jyx7.jpg
119,24,il_794xN.2138803103_o3or.jpg
120,24,il_794xN.2073537792_plna.jpg
121,29,il_794xN.2042443325_ao09.jpg
122,29,il_794xN.2071198653_99t2.jpg
123,29,il_794xN.2017478548_pbdv.jpg
124,29,il_794xN.2127664445_hm75.jpg
125,29,il_794xN.2020304324_r7w6.jpg
126,29,il_794xN.2412180176_r1ou.jpg
127,29,il_794xN.2025717134_bsyg.jpg
128,29,il_794xN.2014957824_5kog.jpg
129,29,il_794xN.2071205861_qc6c.jpg
130,29,il_794xN.2019569618_n5kd.jpg
131,71,il_794xN.1928161745_3ukm.jpg
132,71,il_794xN.1880635212_a5sr.jpg
133,71,il_794xN.1937838253_1slz.jpg
134,71,il_794xN.1880648594_jigs.jpg
135,71,il_794xN.1932727879_2jas.jpg
136,71,il_794xN.1932727811_6flr.jpg
137,71,il_794xN.1928168057_moqv.jpg
138,71,il_794xN.1880645848_5ikl.jpg
139,38,il_794xN.1939838978_9oyo.jpg
140,38,il_794xN.1805387277_tc9l.jpg
141,38,il_794xN.1829887584_tgl7.jpg
142,38,il_794xN.1829668206_eg1r.jpg
143,38,il_794xN.1939841834_cf5p.jpg
144,38,il_794xN.1877328935_pgh4.jpg
145,38,il_794xN.1936803085_dx4m.jpg
146,38,il_794xN.1933832885_3pwz.jpg
147,38,il_794xN.1757937642_say3.jpg
148,38,il_794xN.1985925535_brg0.jpg
149,76,il_794xN.1961791823_2hf8.jpg
150,76,il_794xN.1866997034_ct82.jpg
151,76,il_794xN.1961791731_3hcu.jpg
152,76,il_794xN.1914515689_21to.jpg
153,76,il_794xN.1961787711_rfnp.jpg
154,76,il_794xN.1914516061_fc72.jpg
155,76,il_794xN.1961791879_8l3s.jpg
156,76,il_794xN.1914243634_310a.jpg
157,76,il_794xN.1961791783_2fjg.jpg
158,76,il_794xN.1887454404_gtxy.jpg
159,27,il_794xN.2416084451_ch1o.jpg
160,27,il_794xN.1893302158_3h12.jpg
161,27,il_794xN.1940094053_5t26.jpg
162,27,il_794xN.1892453842_99t6.jpg
163,27,il_794xN.1892568092_qwxt.jpg
164,27,il_794xN.1946129349_5tre.jpg
165,27,il_794xN.1892446330_k39d.jpg
166,27,il_794xN.1898604550_ln7c.jpg
167,27,il_794xN.2416039143_4mgq.jpg
168,27,il_794xN.1898604496_15op.jpg
169,22,il_794xN.2019569618_n5kd.jpg
170,22,il_794xN.2071198653_99t2.jpg
171,22,il_794xN.2071205861_qc6c.jpg
172,22,il_794xN.2014957824_5kog.jpg
173,22,il_794xN.2025717134_bsyg.jpg
174,22,il_794xN.2020304324_r7w6.jpg
175,22,il_794xN.2042443325_ao09.jpg
176,22,il_794xN.2017478548_pbdv.jpg
177,22,il_794xN.2044976219_flix.jpg
178,22,il_794xN.1994873874_3y3a.jpg
179,70,il_794xN.2254400015_2peo.jpg
180,70,il_794xN.2107091840_kplk.jpg
181,70,il_794xN.2154649795_7soo.jpg
182,70,il_794xN.2106880700_eowg.jpg
183,70,il_794xN.2154649853_76m1.jpg
184,70,il_794xN.1814240970_3zih.jpg
185,70,il_794xN.2109659590_lcy1.jpg
186,70,il_794xN.2157236203_bmu0.jpg
187,70,il_794xN.1814199016_61x3.jpg
188,70,il_794xN.2157212157_nai9.jpg
189,54,il_794xN.1890674588_j3x0.jpg
190,54,il_794xN.1938198473_2ilf.jpg
191,54,il_794xN.1938617602_78pp.jpg
192,54,il_794xN.1940751091_g080.jpg
193,54,il_794xN.1938198441_qxdk.jpg
194,54,il_794xN.1890969878_k1ip.jpg
195,54,il_794xN.1941266809_rjgs.jpg
196,54,il_794xN.1940219931_b21q.jpg
197,54,il_794xN.1938198565_hrqy.jpg
198,54,il_794xN.1890674578_16u4.jpg
199,3,il_794xN.1963985465_h5fk.jpg
200,3,il_794xN.1916469896_8af2.jpg
201,3,il_794xN.1916458032_r1b7.jpg
202,3,il_794xN.1963998717_8y0a.jpg
203,9,il_794xN.1988118165_h017.jpg
204,9,il_794xN.1988123933_coqt.jpg
205,9,il_794xN.1940576664_nt0j.jpg
206,9,il_794xN.1988114513_jdr7.jpg
207,9,il_794xN.1940582960_hd4a.jpg
208,9,il_794xN.1949746714_fage.jpg
209,9,il_794xN.1988110175_boa6.jpg
210,9,il_794xN.1989064163_jcgk.jpg
211,9,il_794xN.1940576842_ah6q.jpg
212,9,il_794xN.1941530786_1pcc.jpg
213,25,il_794xN.2719848525_1gzd.jpg
214,25,il_794xN.2719848585_gdl4.jpg
215,25,il_794xN.2719848475_mfxh.jpg
216,25,il_794xN.2719848717_ctba.jpg
217,25,il_794xN.2719848777_torz.jpg
218,25,il_794xN.2672165716_qp5p.jpg
219,25,il_794xN.2719848327_a1ys.jpg
220,25,il_794xN.2672166112_gnvi.jpg
221,25,il_794xN.2719852707_91v2.jpg
222,25,il_794xN.2672165856_dyl4.jpg
223,35,il_794xN.2026625892_izlk.jpg
224,35,il_794xN.2074250841_d4i8.jpg
225,35,il_794xN.1984735191_eppy.jpg
226,35,il_794xN.1964000755_qv4m.jpg
227,35,il_794xN.1823093294_dpqs.jpg
228,35,il_794xN.1917751193_q344.jpg
229,35,il_794xN.1961644487_593y.jpg
230,35,il_794xN.1866243690_fej9.jpg
231,35,il_794xN.1961645727_okfl.jpg
232,35,il_794xN.1961647113_c0pd.jpg
233,12,il_794xN.1961649797_8t0f.jpg
234,12,il_794xN.2053489702_h9l6.jpg
235,12,il_794xN.1902307648_rmvg.jpg
236,12,il_794xN.1949850495_1fe4.jpg
237,12,il_794xN.1893743938_e2qt.jpg
238,12,il_794xN.2101080317_1yi1.jpg
239,12,il_794xN.1960542909_icm6.jpg
240,12,il_794xN.1823093294_dpqs.jpg
241,12,il_794xN.1866256192_t8gy.jpg
242,12,il_794xN.1914241974_5fpi.jpg
243,23,il_794xN.2124139273_budd.jpg
244,23,il_794xN.2080165462_6kep.jpg
245,23,il_794xN.2131805189_d37g.jpg
246,23,il_794xN.2124152301_qgni.jpg
247,23,il_794xN.2124150655_j4v9.jpg
248,23,il_794xN.2124149153_6ocy.jpg
249,23,il_794xN.2124149201_s5oy.jpg
250,23,il_794xN.2124186683_n6cz.jpg
251,23,il_794xN.2076577164_p6mq.jpg
252,23,il_794xN.2076585410_rkzf.jpg
253,67,il_794xN.2140968399_sea8.jpg
254,11,il_794xN.2106844170_qqge.jpg
255,11,il_794xN.2157366185_ekql.jpg
256,11,il_794xN.2157325731_1bzq.jpg
257,11,il_794xN.2106844838_jg3z.jpg
258,11,il_794xN.2154417551_muq3.jpg
259,33,il_794xN.1829668206_eg1r.jpg
260,33,il_794xN.1829887584_tgl7.jpg
261,33,il_794xN.1987373395_a6rj.jpg
262,33,il_794xN.1836037274_ttxb.jpg
263,33,il_794xN.1757937642_say3.jpg
264,33,il_794xN.1938391834_pcyi.jpg
265,33,il_794xN.1877328935_pgh4.jpg
266,33,il_794xN.1805387277_tc9l.jpg
267,33,il_794xN.1934952571_kqfa.jpg
268,33,il_794xN.1936802139_sy36.jpg
269,45,il_794xN.1975461902_o6ew.jpg
270,45,il_794xN.1975461968_t219.jpg
271,45,il_794xN.1975532682_7om8.jpg
272,45,il_794xN.2023017871_iow3.jpg
273,45,il_794xN.1975461816_pofg.jpg
274,64,il_794xN.1799351110_sg3f.jpg
275,64,il_794xN.1829973134_s7co.jpg
276,64,il_794xN.1845759367_g9e7.jpg
277,64,il_794xN.1829973064_108h.jpg
278,64,il_794xN.1798290904_7f4y.jpg
279,64,il_794xN.1817073002_gf6a.jpg
280,64,il_794xN.1798290942_3xvy.jpg
281,65,il_794xN.1875775501_6hbr.jpg
282,65,il_794xN.1928891406_agm0.jpg
283,65,il_794xN.1875775395_1heb.jpg
284,65,il_794xN.1928892468_5kli.jpg
285,65,il_794xN.1928889500_3knm.jpg
286,65,il_794xN.1928894360_lr68.jpg
287,65,il_794xN.1928892946_mh27.jpg
288,65,il_794xN.1928890420_7sec.jpg
289,65,il_794xN.1928889916_1jzq.jpg
290,65,il_794xN.1976430265_he78.jpg
291,36,il_794xN.2250861638_td04.jpg
292,36,il_794xN.2298423189_gex9.jpg
293,36,il_794xN.2298438151_tm8h.jpg
294,36,il_794xN.2298464011_76jl.jpg
295,36,il_794xN.2298461169_20d4.jpg
296,36,il_794xN.2298460511_1xno.jpg
297,36,il_794xN.2298460957_44r3.jpg
298,36,il_794xN.2250860964_qkla.jpg
299,36,il_794xN.2297947297_eknu.jpg
300,36,il_794xN.2250837830_f8hz.jpg
301,73,il_794xN.2241760911_96sn.jpg
302,73,il_794xN.2194212074_2yxs.jpg
303,73,il_794xN.2241203117_9lca.jpg
304,73,il_794xN.2194138580_8sv5.jpg
305,73,il_794xN.2194214458_iif0.jpg
306,73,il_794xN.2194211236_c0yy.jpg
307,73,il_794xN.2194213724_6awd.jpg
308,73,il_794xN.2251935717_o4j2.jpg
309,73,il_794xN.2194216228_skhe.jpg
310,73,il_794xN.2241760203_92go.jpg
311,5,il_794xN.2121195655_cqax.jpg
312,5,il_794xN.2073659640_hcfb.jpg
313,5,il_794xN.2073657780_2kn5.jpg
314,5,il_794xN.2121219361_rtd4.jpg
315,5,il_794xN.2073632500_t4hg.jpg
316,56,il_794xN.1898512606_lajx.jpg
317,56,il_794xN.1946041775_a5d5.jpg
318,56,il_794xN.1898494536_ry65.jpg
319,56,il_794xN.1898827930_pxpn.jpg
320,56,il_794xN.1946029553_8fld.jpg
321,56,il_794xN.1898494584_qpqz.jpg
322,56,il_794xN.1898497198_4tkb.jpg
323,56,il_794xN.1898510740_c9cz.jpg
324,56,il_794xN.1898490982_bt4y.jpg
325,56,il_794xN.1898510668_cbku.jpg
326,72,il_794xN.2019979329_78j2.jpg
327,72,il_794xN.2020017963_mrxj.jpg
328,72,il_794xN.1972424748_4zjd.jpg
329,72,il_794xN.2019981997_tsms.jpg
330,72,il_794xN.1972427226_5lw2.jpg
331,72,il_794xN.2019979275_g76d.jpg
332,72,il_794xN.1972424708_whbc.jpg
333,58,il_794xN.1979171254_2p4a.jpg
334,58,il_794xN.2071082977_c3e7.jpg
335,58,il_794xN.1979166474_m14c.jpg
336,58,il_794xN.2071082909_91b5.jpg
337,58,il_794xN.2023593284_s806.jpg
338,58,il_794xN.2071193753_qzmg.jpg
339,58,il_794xN.2071191757_enrq.jpg
340,58,il_794xN.2023591444_c7vm.jpg
341,58,il_794xN.2023592670_3iks.jpg
342,58,il_794xN.2078250589_gt6r.jpg
343,69,il_794xN.2071193753_qzmg.jpg
344,69,il_794xN.1979166474_m14c.jpg
345,69,il_794xN.2071191757_enrq.jpg
346,69,il_794xN.2071082977_c3e7.jpg
347,69,il_794xN.2023593284_s806.jpg
348,69,il_794xN.2078250589_gt6r.jpg
349,69,il_794xN.2023592670_3iks.jpg
350,69,il_794xN.2023591444_c7vm.jpg
351,69,il_794xN.2071082909_91b5.jpg
352,69,il_794xN.1979171254_2p4a.jpg
353,42,il_794xN.2158734525_jlbf.jpg
354,42,il_794xN.2073296980_n78l.jpg
355,42,il_794xN.1960475007_sa8i.jpg
356,42,il_794xN.1912971124_494o.jpg
357,42,il_794xN.1960476239_7s6r.jpg
358,42,il_794xN.1960474431_suf9.jpg
359,42,il_794xN.1981615708_cd83.jpg
360,42,il_794xN.1961555665_mk7d.jpg
361,42,il_794xN.1912928506_lwok.jpg
362,42,il_794xN.1912928244_f172.jpg
363,40,il_794xN.1960474431_suf9.jpg
364,40,il_794xN.1912971124_494o.jpg
365,40,il_794xN.1960476239_7s6r.jpg
366,40,il_794xN.1963843731_9o5n.jpg
367,40,il_794xN.1912928506_lwok.jpg
368,40,il_794xN.1912928244_f172.jpg
369,40,il_794xN.1960476921_ekv7.jpg
370,40,il_794xN.1960475007_sa8i.jpg
371,40,il_794xN.1960476527_elhp.jpg
372,40,il_794xN.1960474727_4sfz.jpg
373,68,il_794xN.2445507125_n2dl.jpg
374,68,il_794xN.2387089020_cqm4.jpg
375,68,il_794xN.2564098957_phf8.jpg
376,68,il_794xN.2387093646_3ar2.jpg
377,68,il_794xN.2387127896_uhpo.jpg
378,68,il_794xN.2434702077_6h0a.jpg
379,68,il_794xN.2387097532_7wuz.jpg
380,68,il_794xN.2399068584_23fi.jpg
381,68,il_794xN.2650212538_pv8u.jpg
382,68,il_794xN.2434723167_gnzg.jpg
383,77,il_794xN.1946514476_jpjl.jpg
384,77,il_794xN.1994052621_p7c7.jpg
385,77,il_794xN.1946281552_36cv.jpg
386,77,il_794xN.1946281588_9wvo.jpg
387,77,il_794xN.1946514592_h0pb.jpg
388,77,il_794xN.1995469063_4uzy.jpg
389,77,il_794xN.1975040038_1kpg.jpg
390,77,il_794xN.1993821693_p0x0.jpg
391,77,il_794xN.1946514512_6g2a.jpg
392,77,il_794xN.1993821229_7ojx.jpg
393,19,il_794xN.1885512850_dttv.jpg
394,19,il_794xN.1885535196_fp89.jpg
395,19,il_794xN.1935007584_nko6.jpg
396,19,il_794xN.1940227979_cm9c.jpg
397,19,il_794xN.1885511388_7o1j.jpg
398,19,il_794xN.1933038889_qcz2.jpg
399,19,il_794xN.1885511570_m350.jpg
400,19,il_794xN.1885537484_qe24.jpg
401,19,il_794xN.1985936227_a970.jpg
402,19,il_794xN.1885511436_hgjt.jpg
403,7,il_794xN.1938990428_f65e.jpg
404,7,il_794xN.1986540561_7vel.jpg
405,7,il_794xN.1938957706_tm0i.jpg
406,7,il_794xN.1972465434_pfnh.jpg
407,7,il_794xN.1939011198_5cb6.jpg
408,7,il_794xN.1986529251_onue.jpg
409,7,il_794xN.1939399328_2ww2.jpg
410,7,il_794xN.1939400880_elic.jpg
411,7,il_794xN.1986522643_hv2h.jpg
412,7,il_794xN.1940552634_d02b.jpg
413,44,il_794xN.2024224816_h52h.jpg
414,44,il_794xN.2023667442_rhrw.jpg
415,44,il_794xN.2023697148_7bx2.jpg
416,44,il_794xN.2121199015_jpbv.jpg
417,44,il_794xN.2024227590_kyt1.jpg
418,44,il_794xN.2023701582_cqwh.jpg
419,44,il_794xN.2071268281_ihkt.jpg
420,44,il_794xN.2023691142_7wbj.jpg
421,44,il_794xN.2024228102_7e6n.jpg
422,44,il_794xN.2024226154_nbaj.jpg
423,47,il_794xN.2685896799_q4gf.jpg
424,47,il_794xN.2638209392_7ykq.jpg
425,47,il_794xN.2685888533_6wel.jpg
426,47,il_794xN.2638228140_ord7.jpg
427,47,il_794xN.2638228944_aoos.jpg
428,47,il_794xN.2685890051_4ag8.jpg
429,47,il_794xN.2638232176_aruz.jpg
430,47,il_794xN.2684620035_sgp8.jpg
431,47,il_794xN.2638229964_les6.jpg
432,47,il_794xN.2685896707_mf07.jpg
433,43,il_794xN.1962756821_7dgb.jpg
434,43,il_794xN.1915208018_cyl7.jpg
435,43,il_794xN.1915209308_jkdy.jpg
436,43,il_794xN.1962748233_q2ss.jpg
437,43,il_794xN.1915212280_g7hg.jpg
438,43,il_794xN.1915205772_nh3w.jpg
439,43,il_794xN.1915208446_gtsd.jpg
440,43,il_794xN.1915208918_6ied.jpg
441,43,il_794xN.1962756061_sv2q.jpg
442,43,il_794xN.1962754725_jm0z.jpg
443,4,il_794xN.2344663196_a5bg.jpg
444,4,il_794xN.2407307066_rcii.jpg
445,4,il_794xN.2025717134_bsyg.jpg
446,4,il_794xN.2017478548_pbdv.jpg
447,4,il_794xN.2501803829_75tn.jpg
448,4,il_794xN.2454130086_4buc.jpg
449,4,il_794xN.2501802351_a9am.jpg
450,4,il_794xN.2501803225_mgb4.jpg
451,4,il_794xN.2501804501_hdvz.jpg
452,4,il_794xN.2071198653_99t2.jpg
453,63,il_794xN.2688422337_68eo.jpg
454,63,il_794xN.2640858054_47e5.jpg
455,63,il_794xN.2703882223_s4v0.jpg
456,63,il_794xN.2688407225_amze.jpg
457,63,il_794xN.2688397495_1ick.jpg
458,63,il_794xN.2688342877_81xt.jpg
459,63,il_794xN.2656219386_qdkd.jpg
460,63,il_794xN.2703882913_1a0b.jpg
461,63,il_794xN.2640756504_46eb.jpg
462,63,il_794xN.2640855540_17jo.jpg
463,30,il_794xN.2650181572_oc1m.jpg
464,30,il_794xN.2688845191_oyx2.jpg
465,30,il_794xN.2688796197_nj9f.jpg
466,30,il_794xN.2641185956_fhtl.jpg
467,30,il_794xN.2641167098_hkrg.jpg
468,30,il_794xN.2689404617_7lem.jpg
469,30,il_794xN.2688826803_7dtz.jpg
470,30,il_794xN.2641155420_j21n.jpg
471,30,il_794xN.2688826705_t9w8.jpg
472,30,il_794xN.2641152434_mxq1.jpg
473,57,il_794xN.2025663192_gx7x.jpg
474,57,il_794xN.2025697816_oylk.jpg
475,57,il_794xN.2025702280_cmor.jpg
476,13,il_794xN.2023360923_f29f.jpg
477,13,il_794xN.1975804408_tpbc.jpg
478,13,il_794xN.1975804346_mewo.jpg
479,13,il_794xN.2023361023_bk93.jpg
480,13,il_794xN.2024704191_9ion.jpg
481,13,il_794xN.2023362229_76nx.jpg
482,13,il_794xN.2023360899_8hh5.jpg
483,13,il_794xN.2023361005_apq3.jpg
484,13,il_794xN.1975804446_f0om.jpg
485,13,il_794xN.1975804302_18tp.jpg
486,53,il_794xN.2429923042_fixc.jpg
487,53,il_794xN.2477549639_3byb.jpg
488,53,il_794xN.2422563430_2m2p.jpg
489,53,il_794xN.2470186461_o6bz.jpg
490,53,il_794xN.2422563988_ixc7.jpg
491,53,il_794xN.2477543005_18l3.jpg
492,53,il_794xN.2474416177_fiu4.jpg
493,2,il_794xN.2194192696_nhs2.jpg
494,2,il_794xN.2241787029_af9v.jpg
495,2,il_794xN.2241646631_q8rp.jpg
496,2,il_794xN.2241726609_or0v.jpg
497,2,il_794xN.2281274129_esgx.jpg
498,2,il_794xN.2194447984_49ix.jpg
499,2,il_794xN.2194093760_s6sh.jpg
500,2,il_794xN.2194113500_3bwc.jpg
501,2,il_794xN.2241733207_n4dl.jpg
502,2,il_794xN.2241739107_h24d.jpg
503,62,il_794xN.1946115862_i86b.jpg
504,62,il_794xN.1986522643_hv2h.jpg
505,62,il_794xN.1946116220_fhxo.jpg
506,62,il_794xN.1946116540_sh73.jpg
507,62,il_794xN.1988084859_3emo.jpg
508,62,il_794xN.1939400880_elic.jpg
509,62,il_794xN.1993656529_aeeo.jpg
510,62,il_794xN.1938957706_tm0i.jpg
511,62,il_794xN.1993655307_f4j9.jpg
512,62,il_794xN.1946118344_2usk.jpg
513,17,il_794xN.1988118165_h017.jpg
514,17,il_794xN.1988114513_jdr7.jpg
515,17,il_794xN.1940582960_hd4a.jpg
516,17,il_794xN.1940576664_nt0j.jpg
517,17,il_794xN.1988123933_coqt.jpg
518,17,il_794xN.1940576904_72n5.jpg
519,17,il_794xN.1988110175_boa6.jpg
520,17,il_794xN.1940576842_ah6q.jpg
521,17,il_794xN.1940576612_s5zm.jpg
522,17,il_794xN.1988109921_evnq.jpg
523,14,il_794xN.1987374881_t0hh.jpg
524,14,il_794xN.1938386400_9dax.jpg
525,14,il_794xN.1829887584_tgl7.jpg
526,14,il_794xN.1829668150_94or.jpg
527,14,il_794xN.1829668206_eg1r.jpg
528,14,il_794xN.1933832885_3pwz.jpg
529,14,il_794xN.1757937642_say3.jpg
530,14,il_794xN.1936803085_dx4m.jpg
531,14,il_794xN.1805387277_tc9l.jpg
532,14,il_794xN.1877328935_pgh4.jpg
533,55,il_794xN.1946115862_i86b.jpg
534,55,il_794xN.1986522643_hv2h.jpg
535,55,il_794xN.1993655307_f4j9.jpg
536,55,il_794xN.2392231979_f5ok.jpg
537,55,il_794xN.1938957706_tm0i.jpg
538,55,il_794xN.1946116540_sh73.jpg
539,55,il_794xN.1988084859_3emo.jpg
540,55,il_794xN.1993656529_aeeo.jpg
541,55,il_794xN.1939400880_elic.jpg
542,55,il_794xN.1946118344_2usk.jpg
543,20,il_794xN.2080045544_e5w4.jpg
544,20,il_794xN.2127651661_n0r7.jpg
545,20,il_794xN.2080043364_ky2i.jpg
546,20,il_794xN.2080101254_pi4c.jpg
547,20,il_794xN.2080043858_ehms.jpg
548,20,il_794xN.2080043576_o86g.jpg
549,20,il_794xN.2127652899_k3zw.jpg
550,20,il_794xN.2127604213_qv8k.jpg
551,31,il_794xN.2679628480_2in9.jpg
552,31,il_794xN.2719848327_a1ys.jpg
553,31,il_794xN.2672166112_gnvi.jpg
554,31,il_794xN.2719848585_gdl4.jpg
555,31,il_794xN.2672193282_wnxf.jpg
556,31,il_794xN.2719848777_torz.jpg
557,31,il_794xN.2719848717_ctba.jpg
558,31,il_794xN.2719848525_1gzd.jpg
559,31,il_794xN.2672165856_dyl4.jpg
560,31,il_794xN.2672165716_qp5p.jpg
561,75,il_794xN.2019904059_j6xn.jpg
562,75,il_794xN.1948647935_aghi.jpg
563,75,il_794xN.2019896605_73j1.jpg
564,75,il_794xN.1948648701_8mxz.jpg
565,75,il_794xN.1946018965_7yje.jpg
566,75,il_794xN.1946047263_2iqk.jpg
567,75,il_794xN.1972454088_6wsb.jpg
568,75,il_794xN.1946019031_4rhg.jpg
569,75,il_794xN.2019898971_3dc2.jpg
570,75,il_794xN.1898488218_i4nj.jpg
571,78,il_794xN.1742473964_4ja6.jpg
572,78,il_794xN.1869263164_avaj.jpg
573,78,il_794xN.1931221341_1uis.jpg
574,78,il_794xN.1895747834_4x9n.jpg
575,78,il_794xN.1931361729_okhz.jpg
576,78,il_794xN.1883696954_ajmk.jpg
577,78,il_794xN.1742474632_msh2.jpg
578,78,il_794xN.1789929419_g1dm.jpg
579,78,il_794xN.1814734836_lmap.jpg
580,78,il_794xN.1931119507_nm8a.jpg
581,10,il_794xN.2158717615_6t1j.jpg
582,10,il_794xN.2111203534_fl8r.jpg
583,10,il_794xN.2111203120_4mb4.jpg
584,10,il_794xN.2111195828_9cxo.jpg
585,10,il_794xN.2158710003_5tbo.jpg
586,10,il_794xN.2111166204_9yj9.jpg
587,10,il_794xN.2111196190_3yoj.jpg
588,10,il_794xN.2111156680_f5cb.jpg
589,41,il_794xN.2022155041_7620.jpg
590,41,il_794xN.2255526930_mqm5.jpg
591,41,il_794xN.2303135325_7g4p.jpg
592,41,il_794xN.2303133961_qzd9.jpg
593,41,il_794xN.2022520071_iviu.jpg
594,41,il_794xN.2303134883_2vjl.jpg
595,41,il_794xN.1974601150_q2pm.jpg
596,41,il_794xN.2158770521_19qt.jpg
597,41,il_794xN.2255497122_9t8k.jpg
598,41,il_794xN.2255506628_r0wm.jpg
599,66,il_794xN.1830912746_dzog.jpg
600,66,il_794xN.1830905954_tq2e.jpg
601,66,il_794xN.1878410061_magp.jpg
602,66,il_794xN.1830905810_jwqo.jpg
603,34,il_794xN.2020014437_rwd6.jpg
604,34,il_794xN.1974938404_7hpi.jpg
605,34,il_794xN.1987659592_6nqp.jpg
606,34,il_794xN.1972371142_ihae.jpg
607,34,il_794xN.1974935474_3zk4.jpg
608,34,il_794xN.1974505906_i6hk.jpg
609,34,il_794xN.1972371474_gy0f.jpg
610,34,il_794xN.2022495635_pv0v.jpg
611,34,il_794xN.2019907813_oo3h.jpg
612,34,il_794xN.1972361516_jhau.jpg
613,51,il_794xN.2154925647_la28.jpg
614,51,il_794xN.2154932787_elbn.jpg
615,51,il_794xN.2154943231_ri99.jpg
616,51,il_794xN.2154926255_k28y.jpg
617,51,il_794xN.2107376866_6ec3.jpg
618,51,il_794xN.2107366656_edwa.jpg
619,46,il_794xN.2107349944_h1kt.jpg
620,46,il_794xN.2154911517_s7bh.jpg
621,46,il_794xN.2107344914_murg.jpg
622,46,il_794xN.2154847817_hwuw.jpg
623,46,il_794xN.2107348868_goh0.jpg
624,46,il_794xN.2154845745_l91x.jpg
625,46,il_794xN.2107334004_tlcs.jpg
626,46,il_794xN.2154905921_ddgh.jpg
627,39,il_794xN.2688608085_3cw5.jpg
628,39,il_794xN.2640945728_ltor.jpg
629,39,il_794xN.2641754554_8qhu.jpg
630,39,il_794xN.2640948844_9esc.jpg
631,39,il_794xN.2641745718_32kb.jpg
632,39,il_794xN.2641115298_hfas.jpg
633,39,il_794xN.2640945790_7rhc.jpg
634,39,il_794xN.2688604291_dgm9.jpg
635,39,il_794xN.2641756036_7aiv.jpg
636,39,il_794xN.2691872257_9k2l.jpg
637,52,il_794xN.2719714221_r463.jpg
638,52,il_794xN.2719714057_idxv.jpg
639,52,il_794xN.2719713897_65g6.jpg
640,52,il_794xN.2719714005_sx0t.jpg
641,52,il_794xN.2719713935_nyxd.jpg
642,52,il_794xN.2672036522_9jfn.jpg
643,52,il_794xN.2719713791_ks1b.jpg
644,52,il_794xN.2719718939_flhi.jpg
645,52,il_794xN.2672032056_mzix.jpg
646,52,il_794xN.2672032008_p9mv.jpg
647,18,il_794xN.2015080281_qm94.jpg
648,18,il_794xN.1866227392_kht4.jpg
649,18,il_794xN.1990212970_r9re.jpg
650,18,il_794xN.1915718025_4dsz.jpg
651,18,il_794xN.1912875100_at86.jpg
652,18,il_794xN.2029142109_572x.jpg
653,18,il_794xN.1960427901_gusj.jpg
654,18,il_794xN.1960428911_90gp.jpg
655,18,il_794xN.1989065687_g2ye.jpg
656,18,il_794xN.1912882854_paob.jpg
657,21,il_794xN.1925738924_thj8.jpg
658,21,il_794xN.1925738808_o1o0.jpg
659,21,il_794xN.1933251708_3gtp.jpg
660,21,il_794xN.1925738972_b0gi.jpg
661,21,il_794xN.1974530315_qjxt.jpg
662,28,il_794xN.1943254951_l166.jpg
663,28,il_794xN.2020807973_1gz7.jpg
664,28,il_794xN.1951000859_tw6f.jpg
665,28,il_794xN.1973247686_15md.jpg
666,28,il_794xN.2020803403_ecow.jpg
667,28,il_794xN.2020803691_4jst.jpg
668,28,il_794xN.1973244410_q7ig.jpg
669,28,il_794xN.2020802859_r0it.jpg
670,61,il_794xN.1893678154_qmnk.jpg
671,61,il_794xN.2325446283_5fhj.jpg
672,61,il_794xN.1955667296_lk8w.jpg
673,61,il_794xN.2277871388_qib9.jpg
674,61,il_794xN.2278940232_1qd4.jpg
675,61,il_794xN.1951000859_tw6f.jpg
676,61,il_794xN.2659187468_o7ul.jpg
677,61,il_794xN.2319934509_np2q.jpg
678,61,il_794xN.1893693138_9q54.jpg
679,61,il_794xN.1941206817_liov.jpg
680,1,il_794xN.2159240472_l3sh.jpg
681,1,il_794xN.2173537195_swsz.jpg
682,1,il_794xN.2206780941_17jh.jpg
683,1,il_794xN.2436001739_3if9.jpg
684,1,il_794xN.2206781015_pxv1.jpg
685,1,il_794xN.2173536295_dfqu.jpg
686,1,il_794xN.2125978396_ojll.jpg
687,1,il_794xN.2701502128_d6pk.jpg
688,1,il_794xN.2172909435_fs87.jpg
689,1,il_794xN.2159218664_b8yf.jpg
690,8,il_794xN.1941538999_17o3.jpg
691,8,il_794xN.2080088780_thj7.jpg
692,8,il_794xN.2659160738_ten4.jpg
693,8,il_794xN.2659173348_klx8.jpg
694,8,il_794xN.2706844705_4pxe.jpg
695,8,il_794xN.1961563099_al7j.jpg
696,8,il_794xN.1870199664_efhl.jpg
697,8,il_794xN.2706842083_e5hl.jpg
698,8,il_794xN.1961564687_3b11.jpg
699,8,il_794xN.2659165406_ie0j.jpg
700,49,il_794xN.1940681750_od1h.jpg
701,49,il_794xN.1988214457_azev.jpg
702,49,il_794xN.1940681804_gjeq.jpg
703,49,il_794xN.1988214489_irrj.jpg
704,49,il_794xN.1940681848_gfey.jpg
705,49,il_794xN.1940681434_jbc9.jpg
706,49,il_794xN.1988214621_m87f.jpg
707,49,il_794xN.1940681380_jxn0.jpg
708,49,il_794xN.1988214669_5reu.jpg
709,49,il_794xN.1988214557_lsu9.jpg
